news_id,original_title,original_date,original_source,analysis_time,sentiment,direct_impact_score,direct_impact_desc,indirect_impact_score,indirect_impact_desc,certainty,time_to_effect,overall_score,risk_factors,action_suggestion
19,【盐津铺子：预计3—5年内魔芋品类仍会有较高增速的发展】盐津铺子(002847)在电话会议中表示，魔芋品类因其“超级大单品”特性，符合消费者当下及未来对健康零食需求，目前处于高速扩张期，预计3—5年内...,2025-08-22 09:15:27,未知来源,2025-09-24 17:56:05,正面,4,公司预计魔芋品类未来3-5年保持高增长，依托上游布局的成本优势，将直接贡献收入和利润增长；下半年加大市场投入可能进一步提升销售,3,魔芋品类作为健康零食符合消费趋势，有助于提升公司品牌影响力和市场份额；可能推动行业向健康化方向发展，加剧品类竞争,0.7,3-6个月,7,魔芋原材料价格高位震荡可能压缩利润|市场费用增加可能短期影响盈利能力,关注
18,【盐津铺子：上半年净利润3.73亿元 同比增长16.7%】盐津铺子8月20日晚间披露2025年半年报，公司上半年实现营业收入29.41亿元，同比增长19.58%；归母净利润3.73亿元，同比增长16....,2025-08-20 18:47:37,未知来源,2025-09-24 17:56:05,正面,4,公司上半年营收29.41亿元（+19.58%），净利润3.73亿元（+16.7%），业绩表现稳健增长，直接利好公司盈利能力和股价表现,3,良好的业绩表现增强投资者信心，提升行业地位，可能吸引更多资金关注休闲食品板块，对竞争对手形成压力,0.95,立即,7,业绩增速虽稳定但未超预期|行业竞争加剧可能影响未来增长,关注
17,【7月14日增减持汇总】据统计，7月14日，盘后华侨城A披露增持情况。包括实丰文化、英诺激光、捷安高科、安恒信息、盐津铺子、悦安新材、乐山电力、宣泰医药、中润光学、摩恩电气、宏和科技在内的11家A股上...,2025-07-14 22:13:10,未知来源,2025-09-24 17:56:05,负面,-3,新闻披露盐津铺子被列入减持名单，表明有股东正在减持公司股票，可能对股价造成直接下行压力，反映市场信心不足,-2,减持行为可能引发其他投资者跟风抛售，影响市场情绪，同时对公司的市场形象和投资者关系造成负面影响,0.8,立即,-5,股东减持可能导致股价短期下跌|市场情绪转弱可能影响融资能力,谨慎
16,"【盐津铺子：股东拟合计减持不超过2.04%公司股份】盐津铺子(002847.SZ)公告称，公司持股5%以上股东张学文计划减持不超过5,455,572股，占公司总股本的2.00%；副总经理李汉明和财务总...",2025-07-14 20:12:20,未知来源,2025-09-24 17:55:46,负面,-3,股东减持计划直接涉及公司，合计减持不超过2.04%股份，可能增加市场供给压力，对股价形成压制,-2,大股东和高管减持可能引发市场对公司前景的担忧，影响投资者信心，但对行业竞争格局影响有限,0.8,1个月内,-5,减持规模较大可能对股价造成较大压力|市场可能解读为内部人士对公司信心不足,谨慎
15,【机构本周首次青睐50只个股】Wind数据显示，机构本周首次关注50只个股，7股被给予目标价。-智微智能获国信证券看好，被给予目标价59.9至65.89元，该股最新收盘价为47.55元；-金帝股份获国...,2025-05-25 07:56:20,未知来源,2025-09-24 17:55:46,中性偏正,2,与新闻2内容重复，机构首次关注可能带来资金流入，但缺乏具体目标价和评级，直接影响程度有限,3,重复的机构关注消息可能强化市场对公司关注度，提升投资者信心，但对行业和产业链无显著影响,0.7,1个月内,4,消息重复可能边际效应递减|机构关注未明确具体投资建议,观望
14,【机构本周首次青睐50只个股】Wind数据显示，机构本周首次关注50只个股，7股被给予目标价。-智微智能获国信证券看好，被给予目标价59.9至65.89元，该股最新收盘价为47.55元；-金帝股份获国...,2025-05-25 07:56:14,未知来源,2025-09-24 17:55:46,中性偏正,2,新闻间接提及公司被机构首次关注，可能带来增量资金关注，但未明确给出目标价或评级，直接影响有限,3,机构关注可能提升市场对公司股票的认可度，改善流动性，间接影响投资者情绪和股价表现,0.7,1个月内,4,机构关注未必转化为实际买入|其他被关注个股可能分流资金,观望
13,【盐津铺子：一季度归母净利润1.78亿元，同比增加11.64%】 盐津铺子公告，2025年第一季度实现营业收入15.37亿元，同比增长25.69%；归属于上市公司股东的净利润1.78亿元，同比增长11...,2025-04-22 19:01:15,未知来源,2025-09-24 17:55:46,正面,4,业绩报告直接提及公司，显示营收同比增长25.69%，净利润同比增长11.64%，表明公司经营状况良好，盈利能力增强,2,良好的业绩表现可能提升投资者信心，增强品牌市场形象，但对行业竞争格局和上下游产业链影响有限,0.95,立即,6,净利润增速低于营收增速，可能存在成本压力|后续季度业绩能否持续增长存在不确定性,关注
12,【盐津铺子：2025年一季度净利润1.78亿元，同比增长11.64%】盐津铺子公告，2025年第一季度营业收入15.37亿元，同比增长25.69%。净利润1.78亿元，同比增长11.64%。...,2025-04-22 18:51:57,未知来源,2025-09-24 17:55:13,正面,3,一季度营收同比增长25.69%，净利润增长11.64%，显示公司主营业务保持良好增长态势，盈利能力持续提升,2,业绩增长超预期有助于提升公司在休闲食品行业的竞争地位，增强投资者对行业增长潜力的信心,0.9,立即,5,净利润增速低于营收增速|成本控制压力,强烈关注
11,【盐津铺子：张学文解除质押267.4万股并继续质押260万股】 盐津铺子公告，股东张学文先生所持有本公司的部分股份办理了解除质押并继续质押部分股份。具体事项如下：1、股东股份本次解除质押的情况为张学文...,2025-04-02 19:33:05,未知来源,2025-09-24 17:55:13,中性偏负,-1,股东质押操作虽为个人资金需求，但可能引发市场对股东资金状况的担忧，潜在减持压力影响投资者情绪,-1,大股东质押行为可能被市场解读为负面信号，影响公司治理形象，但对公司实际经营无直接影响,0.6,立即,-2,质押比例变化|股东资金链风险,谨慎
10,【食品股午后震荡走低 庄园牧场、佳禾食品跌停】 食品股午后震荡走低，庄园牧场、佳禾食品跌停，品渥食品、好想你、盐津铺子、绝味食品等跌幅居前。...,2025-03-03 14:52:17,未知来源,2025-09-24 17:55:13,负面,-2,新闻直接提及盐津铺子跌幅居前，反映当日股价受到板块整体下跌拖累，造成短期市值损失,-1,食品板块整体走弱可能影响投资者对休闲食品行业的短期信心，但属于市场情绪面影响而非基本面变化,0.8,立即,-3,板块轮动风险|市场情绪持续低迷,观望
9,【本周60股获机构重点关注 “AI+金融”同花顺最受青睐】据统计，本周（2月24日至2月28日），59家机构合计进行389次评级，共计259股被券商研报给予“买入型”评级（包括买入、增持、强烈推荐、推...,2025-03-02 08:20:46,未知来源,2025-09-24 17:55:13,中性偏正,1,新闻直接提及盐津铺子获得3家及以上机构重点关注，表明机构对公司关注度提升，可能带来增量资金流入,2,作为大消费方向的代表企业之一，机构关注度的提升有助于增强市场对整个休闲食品板块的信心，改善板块估值水平,0.7,立即,3,机构关注度不等于实际买入|市场情绪变化可能削弱影响效果,关注
8,【盐津铺子：拟在泰国设立全资子公司并投资建设生产基地】 盐津铺子公告，公司拟在泰国设立全资子公司并投资建设生产基地，投资金额约为2.2亿元或3000万美金。公司计划以自有资金约106.38万元出资设立...,2025-02-24 19:53:46,未知来源,2025-09-24 17:54:39,正面,3,公司拟投资2.2亿元在泰国建立生产基地，直接推动海外业务拓展，潜在增加收入来源，但初期投入可能增加成本。,2,海外扩张增强公司全球化布局，可能提升品牌影响力，并对竞争格局产生积极影响，但需应对跨国经营风险。,0.8,6个月以上,5,海外经营风险（政策、文化等）|投资回报周期较长,关注
7,【1月22日增减持汇总】据统计，1月22日，盘后包括兴发集团、凌钢股份在内的2家A股上市公司披露增持情况。包括塞力医疗、信科移动、川金诺、盐津铺子、威马农机在内的5家A股上市公司披露减持情况。...,2025-01-22 22:23:10,未知来源,2025-09-24 17:54:39,中性偏负,-1,新闻汇总显示盐津铺子披露减持情况，与新闻2内容重复，强化市场对减持事件的关注，但无新增信息。,-1,作为多家披露减持的公司之一，可能被市场视为整体减持氛围的一部分，间接影响投资者对板块的情绪。,0.8,立即,-2,市场对减持信息过度反应|行业减持趋势影响,观望
6,【盐津铺子：4名股东拟合计减持不超0.37%公司股份】 盐津铺子公告，公司董事、副总经理兰波、杨林广、副总经理黄敏胜、副总经理张磊合计持有公司股份399.11万股，占公司总股本的1.46%。上述4名股...,2025-01-22 21:59:44,未知来源,2025-09-24 17:54:39,负面,-2,4名高管拟减持不超过0.37%股份，虽然比例较小，但可能引发市场对公司内部信心和股价短期承压的担忧。,-1,高管减持可能被市场解读为内部人士对公司短期前景谨慎，影响投资者情绪，但对公司经营无实质影响。,0.9,1个月内,-3,减持实施导致股价压力|市场情绪敏感,谨慎
5,A股食品板块短线拉升，来伊份回封涨停，好想你、立高食品、黑芝麻、桃李面包、盐津铺子等跟涨。...,2025-01-16 14:40:21,未知来源,2025-09-24 17:54:39,中性偏正,1,新闻直接提及盐津铺子作为食品板块跟涨股票之一，表明公司股价受到板块整体情绪带动，但未提及具体公司基本面变化。,2,食品板块整体拉升反映行业情绪向好，可能源于消费复苏预期或政策利好，间接提升投资者对休闲食品板块的关注度。,0.7,立即,3,板块行情可能短暂，缺乏基本面支撑|市场情绪变化快速,关注
4,【国金证券：关注休闲食品、软饮料领域的投资机会】国金证券研报指出，1）休闲食品：零食即将进入备货旺季，但近期股价呈现分化走势，当下市场更关注企业收入端增长的确定性，具备多渠道、多产品的公司拥有更强的兑...,2024-11-10 10:06:55,未知来源,2025-09-24 17:54:01,正面,2,研报直接推荐盐津铺子，看好其中长期渠道和品类扩张，可能增强投资者信心，但未直接提及财务或业务具体数据，对收入/利润的直接影响较弱,3,研报强调休闲食品行业进入备货旺季，关注多渠道、多产品公司的兑现能力，间接利好盐津铺子所在的行业，可能提升整体行业估值和竞争地位,0.6,1-3个月,5,行业竞争加剧可能影响净利率|旺季需求是否达预期存在不确定性,关注
3,【食品股午后震荡走高 惠发食品触及涨停】 食品股午后震荡走高，惠发食品触及涨停，绝味食品、三只松鼠、海欣食品、盐津铺子等纷纷冲高。...,2024-11-04 13:21:52,未知来源,2025-09-24 17:54:01,中性偏正,1,新闻提及盐津铺子随食品股冲高，反映短期市场情绪和板块轮动，但未涉及公司具体基本面变化，对收入/成本/利润无直接影响,1,板块整体走强可能暂时提升行业关注度，但对上下游产业链和竞争格局无实质性影响，更多是市场行为,0.5,立即,2,股价冲高可能伴随回调风险|缺乏基本面支撑的上涨可能不可持续,观望
2,【多只大消费股获机构关注 14股获机构上调评级】多只大消费股获机构关注。据统计，本周（10月28日至11月1日），59家机构合计进行4100余次评级，共计1283股被券商研报给予“买入型”评级（包括买...,2024-11-03 08:12:50,未知来源,2025-09-24 17:54:01,正面,3,新闻显示盐津铺子获得21家机构评级，居机构关注度次席，表明机构对公司看好，可能带来资金流入和股价支撑，但未直接提及具体业务或财务指标,2,机构关注度提升可能增强市场对休闲食品行业的信心，间接利好行业估值，但对上下游和竞争格局的影响较小,0.7,1个月内,5,机构评级可能变化|市场情绪波动可能影响短期股价,关注
1,【盐津铺子：前三季度净利润增长24.55%】 盐津铺子公告，2024年前三季度，公司实现营业收入38.61亿元，同比增长28.49%，归属于上市公司股东的净利润为4.93亿元，同比增长24.55%。公...,2024-10-28 16:25:26,未知来源,2025-09-24 17:54:01,强烈正面,5,新闻直接提及盐津铺子前三季度业绩，营收同比增长28.49%，净利润同比增长24.55%，显示公司主营业务增长强劲，直接利好公司收入和利润,3,业绩增长表明公司在渠道拓展和产品发展上取得进展，可能增强投资者信心，提升行业地位，但对上下游和竞争格局的间接影响相对有限,0.95,立即,8,业绩增长可能受季节性因素影响|行业竞争加剧可能未来侵蚀利润率,强烈关注
