datetime,content,title,stock_name,stock_code,industry,main_business,market_cap,analysis_time,news_index,sentiment,direct_impact_score,direct_impact_desc,indirect_impact_score,indirect_impact_desc,certainty,time_to_effect,overall_score,risk_factors,action_suggestion
2025-09-26 13:35:51,【宁德时代A股跌超2%，成交额超100亿元】9月26日下午，宁德时代A股跌超2%，成交额超100亿元。,,宁德时代,300750,新能源电池,动力电池系统、储能系统的研发、生产和销售,7500亿元,2025-09-26 13:45:59,1,负面,-2,新闻直接提及宁德时代股价下跌和巨额成交，反映了市场对该股票的负面交易情绪。虽然未直接提及公司基本面，但股价下跌直接影响股东价值和市场信心。,-1,作为行业龙头，宁德时代的大幅下跌可能引发对整个新能源电池板块的短期担忧，影响投资者对产业链相关公司的风险偏好。,0.9,立即,-2.7,市场情绪波动、资金流出、技术性调整风险,短期谨慎，可观察成交量变化和后续基本面新闻，避免盲目抄底
2025-09-26 12:37:31,华创证券恢复跟踪恒瑞医药A股，评级强力买进。,,恒瑞医药,600276,化学制药,抗肿瘤药、手术用药、造影剂等创新药物的研发、生产、销售,2500亿元,2025-09-26 13:45:59,2,正面,3,华创证券恢复跟踪并给予强力买进评级，直接提升恒瑞医药的市场关注度和投资者信心，可能吸引机构资金流入。,1,龙头药企获得积极评级可能带动整个创新药板块情绪向好，特别是拥有丰富研发管线的同类企业。,0.8,1周内,3.2,评级机构预测可能存在偏差，实际业绩兑现需要时间,积极关注，可考虑适度增持，但需结合公司基本面综合判断
2025-09-26 12:20:15,CGS International：将阿里巴巴目标价从152.00港元上调至207.00港元。,,阿里巴巴,09988,电子商务,电子商务平台、云计算、数字媒体娱乐、本地生活服务,1.8万亿港元,2025-09-26 13:45:59,3,强烈正面,4,CGS International大幅上调阿里巴巴目标价（从152港元至207港元，涨幅36%），直接显示机构对公司价值的重估，强烈提振市场信心。,2,龙头互联网公司目标价上调可能带动整个电商和科技板块估值修复，改善市场对平台经济的预期。,0.85,1周内,5.1,目标价实现依赖公司未来业绩增长，宏观经济和监管环境变化风险,强烈建议关注，可考虑增持，重点关注后续财报兑现情况
2025-09-26 11:40:57,【大摩：重申对宁德时代A股“增持”评级 目标价425元】摩根士丹利发表研报指，有媒体称，宁德时代可能于明年推出NCM811电池组产品，将增程序电动车(EREV)电池容量提升至80kWh，较目前每单位30至50kWh有所增加。宁德时代尚未确认此消息。大摩表示，继宁德时代今年向EREV市场推出Freevoy电池产品后，认为明年新产品可进一步将公司续航里程提升至大于600km。新技术可与最先进的NP3.0(无传播)技术结合，提升安全性和长寿技术，以增加循环寿命。大摩视此为宁德时代展示其动力系统解决方案能力的另一例证，并指公司迭代不断，旨在为动力系统提供更好的性能。大摩重申对宁德时代A股“增持”评级，目标价425元；同予其港股“增持”评级。,,宁德时代,300750,新能源电池,动力电池系统、储能系统的研发、生产和销售,7500亿元,2025-09-26 13:45:59,4,强烈正面,4,大摩重申增持评级和高目标价（425元），并详细分析宁德时代在EREV电池技术上的创新潜力（如提升容量至80kWh、续航超600km），直接强化公司技术领先地位和增长预期。,3,技术创新将巩固宁德时代在动力电池行业的领导地位，可能加速EREV市场渗透，利好上游材料商，但对竞争对手形成压力。,0.75,3个月内,5.25,新技术尚未经官方确认，量产时间和市场接受度存在不确定性,长期看好，建议持有或逢低布局，密切关注公司官方技术发布进展
2025-09-26 11:40:57,【大摩：重申对宁德时代A股“增持”评级 目标价425元】摩根士丹利发表研报指，有媒体称，宁德时代可能于明年推出NCM811电池组产品，将增程序电动车(EREV)电池容量提升至80kWh，较目前每单位30至50kWh有所增加。宁德时代尚未确认此消息。大摩表示，继宁德时代今年向EREV市场推出Freevoy电池产品后，认为明年新产品可进一步将公司续航里程提升至大于600km。新技术可与最先进的NP3.0(无传播)技术结合，提升安全性和长寿技术，以增加循环寿命。大摩视此为宁德时代展示其动力系统解决方案能力的另一例证，并指公司迭代不断，旨在为动力系统提供更好的性能。大摩重申对宁德时代A股“增持”评级，目标价425元；同予其港股“增持”评级。,,宁德时代,300750,新能源电池,动力电池系统、储能系统的研发、生产和销售,7500亿元,2025-09-26 13:47:19,1,正面,2,新闻直接提及宁德时代及其核心电池产品。报道的新技术（NCM811电池组、NP3.0技术）有望提升产品性能（续航里程、安全性、循环寿命），可能增强其市场竞争力并推动未来收入增长，但公司尚未确认消息，且影响需待产品正式推出后体现。,3,新技术可能推动EREV（增程式电动车）电池行业标准升级，强化宁德时代在动力电池行业的领导地位，并对产业链上游（如锂、镍材料供应商）产生积极需求拉动，同时给竞争对手带来技术追赶压力。,0.7,6个月以上,3.5,技术消息未经公司确认；产品研发和市场化存在不确定性；行业竞争加剧可能稀释实际收益。,关注公司后续技术发布和客户合作进展，可考虑逢低布局但需控制仓位。
2025-09-26 11:40:57,【大摩：重申对宁德时代A股“增持”评级 目标价425元】摩根士丹利发表研报指，有媒体称，宁德时代可能于明年推出NCM811电池组产品，将增程序电动车(EREV)电池容量提升至80kWh，较目前每单位30至50kWh有所增加。宁德时代尚未确认此消息。大摩表示，继宁德时代今年向EREV市场推出Freevoy电池产品后，认为明年新产品可进一步将公司续航里程提升至大于600km。新技术可与最先进的NP3.0(无传播)技术结合，提升安全性和长寿技术，以增加循环寿命。大摩视此为宁德时代展示其动力系统解决方案能力的另一例证，并指公司迭代不断，旨在为动力系统提供更好的性能。大摩重申对宁德时代A股“增持”评级，目标价425元；同予其港股“增持”评级。,,宁德时代,300750,新能源电池,动力电池系统、储能系统的研发、生产和销售,7500亿元,2025-09-26 13:47:19,2,正面,2,新闻直接提及宁德时代及其核心电池产品。报道的新技术（NCM811电池组、NP3.0技术）有望提升产品性能（续航里程、安全性、循环寿命），可能增强其市场竞争力并推动未来收入增长，但公司尚未确认消息，且影响需待产品正式推出后体现。,3,新技术可能推动EREV（增程式电动车）电池行业标准升级，强化宁德时代在动力电池行业的领导地位，并对产业链上游（如锂、镍材料供应商）产生积极需求拉动，同时给竞争对手带来技术追赶压力。,0.7,6个月以上,3.5,技术消息未经公司确认；产品研发和市场化存在不确定性；行业竞争加剧可能稀释实际收益。,关注公司后续技术发布和客户合作进展，可考虑逢低布局但需控制仓位。
2025-09-26 11:16:01,港股医药生物板块低迷，康龙化成、复星医药跌超4%，凯莱英、泰格医药、恒瑞医药、信达生物跌超3%，药明康德跌超1%。,,药明康德,603259,医药研发服务,为全球生物医药行业提供全方位、一体化的新药研发和生产服务,2800亿元,2025-09-26 13:47:19,3,中性偏负,-1,新闻未直接提及药明康德的具体业务或事件，仅反映其股价随板块下跌。下跌可能受整体医药板块情绪拖累，而非公司自身基本面变化，因此对收入/利润无直接影响。,-2,新闻反映医药生物板块整体低迷，可能源于行业政策压力（如集采、监管）、融资环境收紧或宏观因素，间接影响CXO（医药外包）及生物医药行业估值，加剧投资者对行业增长的担忧。,0.6,立即,-1.8,行业系统性风险；政策不确定性；板块资金流出可能持续。,短期避免追跌，等待板块情绪稳定；长期投资者可关注公司基本面差异，择机分批建仓。
2025-09-26 11:16:01,港股医药生物板块低迷，康龙化成、复星医药跌超4%，凯莱英、泰格医药、恒瑞医药、信达生物跌超3%，药明康德跌超1%。,,恒瑞医药,600276,化学制药,抗肿瘤药、手术用药、造影剂等创新药物的研发、生产、销售,2500亿元,2025-09-26 13:47:19,4,中性偏负,-1,新闻未直接提及恒瑞医药的具体业务或事件，仅反映其股价随板块下跌。下跌可能受整体医药板块情绪拖累，而非公司自身基本面变化，因此对收入/利润无直接影响。,-2,新闻反映医药生物板块整体低迷，可能源于行业政策压力（如集采、监管）、融资环境收紧或宏观因素，间接影响创新药及化学制药行业估值，加剧投资者对行业盈利能力的担忧。,0.6,立即,-1.8,行业系统性风险；政策不确定性（如集采扩面）；板块资金流出可能持续。,短期避免抄底，关注行业政策动向；长期投资者可评估公司研发管线竞争力，耐心等待估值修复。
2025-09-26 10:39:59,立讯精密成交额达100亿元，现跌4.18%。,,立讯精密,002475,电子制造,连接器、声学产品、无线充电、马达产品等精密制造,2200亿元,2025-09-26 13:49:35,1,中性偏负,-1,新闻仅报道股价下跌和成交额数据，未提及公司基本面变化或具体业务影响,-1,大额成交伴随下跌可能反映机构资金流出，对电子制造板块情绪产生轻微负面影响,0.7,立即,-1.4,技术性抛压、市场情绪转弱、可能隐含未披露的负面信息,观望，关注后续是否有基本面负面消息披露，可考虑在企稳后逢低布局
2025-09-26 10:24:06,港股小米集团盘中一度跌超5%，成交额超70亿港元。,,小米集团,01810,智能手机,智能手机、IoT与生活消费产品、互联网服务,3500亿港元,2025-09-26 13:49:35,2,中性偏负,-1,纯市场交易数据报道，未涉及公司经营状况或业务变化,-1,作为行业龙头大幅下跌可能拖累整个智能手机板块情绪，影响投资者信心,0.6,立即,-1.2,市场流动性紧张、行业景气度担忧、技术面破位风险,谨慎观望，分析下跌是否与行业基本面变化相关，避免盲目抄底
2025-09-26 10:24:06,港股小米集团盘中一度跌超5%，成交额超70亿港元。,,小米集团,01810,智能手机,智能手机、IoT与生活消费产品、互联网服务,3500亿港元,2025-09-26 13:49:35,3,中性偏负,-1,重复性交易数据报道，无新增基本面信息,-1,重复下跌信号强化市场负面情绪，可能引发跟风抛售,0.6,立即,-1.2,信息重复放大负面情绪、可能存在未公开利空,关注公司基本面是否发生变化，避免情绪化操作
2025-09-26 10:01:30,小米集团短线走低，现跌超4%，成交额超50亿港元。,,小米集团,01810,智能手机,智能手机、IoT与生活消费产品、互联网服务,3500亿港元,2025-09-26 13:49:35,4,中性偏负,-1,短线走低和成交额放大反映市场抛压，但无具体基本面信息,-1,连续下跌趋势可能影响消费者和投资者对品牌的心理预期,0.65,立即,-1.3,技术面恶化、市场信心不足、可能存在系统性风险,等待企稳信号，关注公司后续经营数据和行业动态
2025-09-26 09:50:33,【港股新能源汽车板块震荡拉升，小鹏汽车-W涨超5%】港股新能源汽车板块震荡拉升，小鹏汽车-W涨超5%，零跑汽车、蔚来-SW涨超3%，华晨中国、比亚迪股份、长城汽车纷纷拉升。,,比亚迪,002594,新能源汽车,新能源汽车及传统燃油汽车的研发、生产和销售，电池业务,8000亿元,2025-09-26 13:50:39,1,中性偏正,1,新闻提及比亚迪股份跟涨，但未涉及公司具体业务或财务信息，属于板块情绪带动,2,新能源汽车板块整体拉升显示行业情绪向好，有利于提升投资者信心和板块估值水平,0.7,立即,2.1,板块波动可能短暂，缺乏基本面支撑,短期可关注板块持续性，中长期仍需关注公司基本面
2025-09-26 09:50:33,【港股新能源汽车板块震荡拉升，小鹏汽车-W涨超5%】港股新能源汽车板块震荡拉升，小鹏汽车-W涨超5%，零跑汽车、蔚来-SW涨超3%，华晨中国、比亚迪股份、长城汽车纷纷拉升。,,比亚迪,002594,新能源汽车,新能源汽车及传统燃油汽车的研发、生产和销售，电池业务,8000亿元,2025-09-26 13:50:39,2,中性偏正,1,重复新闻，内容与新闻1完全相同，比亚迪作为跟涨标的被提及,2,港股新能源汽车板块整体表现强劲，反映市场对行业前景的乐观预期,0.7,立即,2.1,消息重复性，可能已充分反映在股价中,无需额外操作，继续观察板块走势
2025-09-26 09:48:05,【汽车整车板块震荡拉升 赛力斯涨停创历史新高】早盘汽车整车板块震荡拉升，赛力斯涨停，创历史新高，总市值突破2600亿，曙光股份、千里科技、北汽蓝谷、比亚迪等跟涨。,,比亚迪,002594,新能源汽车,新能源汽车及传统燃油汽车的研发、生产和销售，电池业务,8000亿元,2025-09-26 13:50:39,3,中性偏正,1,比亚迪作为跟涨标的在A股汽车整车板块拉升中被提及，但无具体业务影响,2,汽车整车板块整体走强，赛力斯创新高带动板块情绪，有利于行业估值提升,0.6,立即,1.8,跟涨性质，涨幅可能有限；板块轮动风险,可短期关注，但需谨慎追高
2025-09-26 09:48:05,【汽车整车板块震荡拉升 赛力斯涨停创历史新高】早盘汽车整车板块震荡拉升，赛力斯涨停，创历史新高，总市值突破2600亿，曙光股份、千里科技、北汽蓝谷、比亚迪等跟涨。,,比亚迪,002594,新能源汽车,新能源汽车及传统燃油汽车的研发、生产和销售，电池业务,8000亿元,2025-09-26 13:50:39,4,中性偏正,1,重复新闻，内容与新闻3完全相同，比亚迪在板块拉升中跟涨,2,汽车板块整体表现强劲，龙头个股创新高提振整个行业投资情绪,0.6,立即,1.8,消息重复且缺乏新信息，跟涨动能可能减弱,保持观望，等待更明确的基本面催化剂
2025-09-26 09:36:36,【港股生物医药股走弱 药明康德跌超5%】截至发稿，药明康德(02359.HK)跌5.01%、百济神州(06160.HK)跌4.65%、药明合联(02268.HK)跌3.91%。,,药明康德,603259,医药研发服务,为全球生物医药行业提供全方位、一体化的新药研发和生产服务,2800亿元,2025-09-26 13:51:37,1,负面,-2,新闻直接提及药明康德股价下跌5.01%，反映市场对该股的负面情绪，但未提及具体基本面变化,-3,生物医药板块整体走弱，百济神州、药明合联等同行均下跌，显示行业面临系统性压力,0.9,立即,-4.5,行业系统性风险、市场情绪恶化、可能存在的政策或基本面负面因素,短期谨慎，关注后续是否有具体负面消息披露，可考虑适当减仓或对冲
2025-09-26 09:35:20,【制药板块盘初下挫，向日葵大跌10%】制药板块盘初下挫，向日葵大跌10%，奥赛康跌超7%，舒泰神、恒瑞医药、苑东生物多股下挫。,,恒瑞医药,600276,化学制药,抗肿瘤药、手术用药、造影剂等创新药物的研发、生产、销售,2500亿元,2025-09-26 13:51:37,2,负面,-1,新闻仅提及恒瑞医药股价下挫，但未涉及公司具体业务或基本面变化,-3,制药板块整体下跌，向日葵大跌10%，奥赛康跌超7%，显示化学制药行业面临压力,0.8,立即,-3.2,板块轮动、政策压力、行业竞争加剧、市场情绪转弱,观察是否为短期调整，关注公司基本面和行业政策变化，可暂持观望
2025-09-26 09:22:35,港股恒指低开跌0.8％，国企指数跌0.82％，恒生科技指数低开0.97%。CXO、创新药概念股集体低开，百济神州低开3.5%，药明康德低开2.07%。,,药明康德,603259,医药研发服务,为全球生物医药行业提供全方位、一体化的新药研发和生产服务,2800亿元,2025-09-26 13:51:37,3,负面,-1,药明康德低开2.07%，但新闻未提及具体原因，属于市场整体调整的一部分,-2,港股整体低开，CXO和创新药概念股集体低开，反映市场对成长股和医药板块的谨慎情绪,0.7,立即,-2.1,市场系统性风险、板块轮动、资金流出成长股,若为市场整体调整所致，可考虑逢低布局；若为行业特定因素，需进一步观察
